,question,answer,statement,label_is_entails,reasoning_is_entails,label_is_contradict,reasoning_is_contradict,category
0,Alright so I dont know much about Lexapro would you tell me more about it?,"Lexapro is a medication that belongs to a class of drugs
called selective serotonin reuptake inhibitors (SSRIs). It
is commonly used to treat depression and anxiety disorders.
Here are some important things to know about Lexapro:  - It
works by increasing the levels of serotonin in the brain,
which can improve mood and reduce anxiety. - It may take
several weeks for Lexapro to start working, so it's
important to be patient and continue taking it as
prescribed. - Common side effects of Lexapro include nausea,
headache, dizziness, and dry mouth. These side effects
usually go away on their own after a few days or weeks. -
Lexapro can interact with other medications, so it's
important to tell your doctor about all the medications you
are taking before starting Lexapro. - Lexapro is not
recommended for use in children under the age of 12. - If
you are pregnant or breastfeeding, talk to your doctor
before taking Lexapro, as it may not be safe for your baby.
I hope this information helps! Let me know if you have any
other questions.",Escitalopram is an antidepressant of the SSRI (Selective serotonin reuptake inhibitors) class,False,"The premise explains that Lexapro is a medication that belongs to the class of drugs called selective serotonin reuptake inhibitors (SSRIs) and is used to treat depression and anxiety disorders. The hypothesis states that Escitalopram is an antidepressant of the SSRI class. 
However, the premise does not mention Escitalopram, so it does not entail the hypothesis. The answer is False.",False,"The premise explains that Lexapro is a selective serotonin reuptake inhibitor (SSRI) used to treat depression and anxiety disorders. The hypothesis states that Escitalopram, which is the generic name for Lexapro, is an SSRI antidepressant. There is no contradiction between the premise and the hypothesis. The answer is False.",Must_have
1,Alright so I dont know much about Lexapro would you tell me more about it?,"Lexapro is a medication that belongs to a class of drugs
called selective serotonin reuptake inhibitors (SSRIs). It
is commonly used to treat depression and anxiety disorders.
Here are some important things to know about Lexapro:  - It
works by increasing the levels of serotonin in the brain,
which can improve mood and reduce anxiety. - It may take
several weeks for Lexapro to start working, so it's
important to be patient and continue taking it as
prescribed. - Common side effects of Lexapro include nausea,
headache, dizziness, and dry mouth. These side effects
usually go away on their own after a few days or weeks. -
Lexapro can interact with other medications, so it's
important to tell your doctor about all the medications you
are taking before starting Lexapro. - Lexapro is not
recommended for use in children under the age of 12. - If
you are pregnant or breastfeeding, talk to your doctor
before taking Lexapro, as it may not be safe for your baby.
I hope this information helps! Let me know if you have any
other questions.",Escitalopram is sold under the brand names Lexapro and Cipralex,False,"The premise provides detailed information about Lexapro, including its class of drugs, uses, how it works, side effects, and precautions. However, it does not mention that Lexapro is also known as Escitalopram or Cipralex, as stated in the hypothesis.
Therefore, the premise does not entail the hypothesis. The answer is False.",False,"The premise provides a detailed explanation of Lexapro, including its uses, side effects, and precautions. The hypothesis states that Escitalopram is sold under the brand names Lexapro and Cipralex. 
The premise does not contradict the hypothesis, as it does not deny that Lexapro is a brand name for Escitalopram. The answer is False.",Must_have
2,Alright so I dont know much about Lexapro would you tell me more about it?,"Lexapro is a medication that belongs to a class of drugs
called selective serotonin reuptake inhibitors (SSRIs). It
is commonly used to treat depression and anxiety disorders.
Here are some important things to know about Lexapro:  - It
works by increasing the levels of serotonin in the brain,
which can improve mood and reduce anxiety. - It may take
several weeks for Lexapro to start working, so it's
important to be patient and continue taking it as
prescribed. - Common side effects of Lexapro include nausea,
headache, dizziness, and dry mouth. These side effects
usually go away on their own after a few days or weeks. -
Lexapro can interact with other medications, so it's
important to tell your doctor about all the medications you
are taking before starting Lexapro. - Lexapro is not
recommended for use in children under the age of 12. - If
you are pregnant or breastfeeding, talk to your doctor
before taking Lexapro, as it may not be safe for your baby.
I hope this information helps! Let me know if you have any
other questions.","Side effects of Escitalopram include GI symptoms such as nausea, diarrhoea, constipation",False,"The premise provides information about Lexapro, including its common side effects such as nausea, headache, dizziness, and dry mouth. The hypothesis states that side effects of Escitalopram (the generic name for Lexapro) include GI symptoms such as nausea, diarrhoea, constipation. 
While the premise does mention nausea as a side effect, it does not mention diarrhoea or constipation. Therefore, the premise does not entail the hypothesis. The answer is False.",False,"The premise states that common side effects of Lexapro (Escitalopram) include nausea, among other symptoms. The hypothesis also mentions nausea as a side effect of Escitalopram, along with other gastrointestinal symptoms like diarrhea and constipation. The premise does not contradict the hypothesis, as it does not rule out the possibility of these additional side effects. The answer is False.",Must_have
3,Alright so I dont know much about Lexapro would you tell me more about it?,"Lexapro is a medication that belongs to a class of drugs
called selective serotonin reuptake inhibitors (SSRIs). It
is commonly used to treat depression and anxiety disorders.
Here are some important things to know about Lexapro:  - It
works by increasing the levels of serotonin in the brain,
which can improve mood and reduce anxiety. - It may take
several weeks for Lexapro to start working, so it's
important to be patient and continue taking it as
prescribed. - Common side effects of Lexapro include nausea,
headache, dizziness, and dry mouth. These side effects
usually go away on their own after a few days or weeks. -
Lexapro can interact with other medications, so it's
important to tell your doctor about all the medications you
are taking before starting Lexapro. - Lexapro is not
recommended for use in children under the age of 12. - If
you are pregnant or breastfeeding, talk to your doctor
before taking Lexapro, as it may not be safe for your baby.
I hope this information helps! Let me know if you have any
other questions.",Side effects of Escitalopram include headache,True,"The premise provides information about Lexapro, including its common side effects such as headache. The hypothesis states that a side effect of Escitalopram, which is the generic name for Lexapro, includes headache. 
The premise entails the hypothesis. The answer is True.",False,"The premise states that Lexapro, also known as Escitalopram, can cause side effects such as headaches. The hypothesis also states that headaches are a side effect of Escitalopram. There is no contradiction between the premise and the hypothesis. The answer is False.",Must_have
4,Alright so I dont know much about Lexapro would you tell me more about it?,"Lexapro is a medication that belongs to a class of drugs
called selective serotonin reuptake inhibitors (SSRIs). It
is commonly used to treat depression and anxiety disorders.
Here are some important things to know about Lexapro:  - It
works by increasing the levels of serotonin in the brain,
which can improve mood and reduce anxiety. - It may take
several weeks for Lexapro to start working, so it's
important to be patient and continue taking it as
prescribed. - Common side effects of Lexapro include nausea,
headache, dizziness, and dry mouth. These side effects
usually go away on their own after a few days or weeks. -
Lexapro can interact with other medications, so it's
important to tell your doctor about all the medications you
are taking before starting Lexapro. - Lexapro is not
recommended for use in children under the age of 12. - If
you are pregnant or breastfeeding, talk to your doctor
before taking Lexapro, as it may not be safe for your baby.
I hope this information helps! Let me know if you have any
other questions.",Side effects of Escitalopram include ejaculation disorder,False,"The premise provides a detailed explanation of Lexapro, including its uses, how it works, side effects, and precautions. However, it does not mention ejaculation disorder as a side effect. Therefore, the premise does not entail the hypothesis. The answer is False.",False,"The premise provides a detailed explanation of Lexapro, including its uses, how it works, side effects, and precautions. However, it does not mention ejaculation disorder as a side effect. The hypothesis states that ejaculation disorder is a side effect of Escitalopram (the generic name for Lexapro). 
The premise does not contradict the hypothesis, as it does not rule out the possibility of ejaculation disorder being a side effect of Lexapro. The answer is False.",Must_have
5,Alright so I dont know much about Lexapro would you tell me more about it?,"Lexapro is a medication that belongs to a class of drugs
called selective serotonin reuptake inhibitors (SSRIs). It
is commonly used to treat depression and anxiety disorders.
Here are some important things to know about Lexapro:  - It
works by increasing the levels of serotonin in the brain,
which can improve mood and reduce anxiety. - It may take
several weeks for Lexapro to start working, so it's
important to be patient and continue taking it as
prescribed. - Common side effects of Lexapro include nausea,
headache, dizziness, and dry mouth. These side effects
usually go away on their own after a few days or weeks. -
Lexapro can interact with other medications, so it's
important to tell your doctor about all the medications you
are taking before starting Lexapro. - Lexapro is not
recommended for use in children under the age of 12. - If
you are pregnant or breastfeeding, talk to your doctor
before taking Lexapro, as it may not be safe for your baby.
I hope this information helps! Let me know if you have any
other questions.",The benefits of Lexapro for treating depression occurs within a few weeks,True,"The premise states that it may take several weeks for Lexapro to start working, which aligns with the hypothesis that the benefits of Lexapro for treating depression occur within a few weeks. Therefore, the premise entails the hypothesis. The answer is True.",False,"The premise states that Lexapro, an SSRI, is used to treat depression and anxiety disorders and that it may take several weeks for it to start working. The hypothesis suggests that the benefits of Lexapro for treating depression occur within a few weeks. There is no contradiction between the premise and the hypothesis, as both agree that the effects of Lexapro can take a few weeks to manifest. The answer is False.",Must_have
6,Alright so I dont know much about Lexapro would you tell me more about it?,"Lexapro is a medication that belongs to a class of drugs
called selective serotonin reuptake inhibitors (SSRIs). It
is commonly used to treat depression and anxiety disorders.
Here are some important things to know about Lexapro:  - It
works by increasing the levels of serotonin in the brain,
which can improve mood and reduce anxiety. - It may take
several weeks for Lexapro to start working, so it's
important to be patient and continue taking it as
prescribed. - Common side effects of Lexapro include nausea,
headache, dizziness, and dry mouth. These side effects
usually go away on their own after a few days or weeks. -
Lexapro can interact with other medications, so it's
important to tell your doctor about all the medications you
are taking before starting Lexapro. - Lexapro is not
recommended for use in children under the age of 12. - If
you are pregnant or breastfeeding, talk to your doctor
before taking Lexapro, as it may not be safe for your baby.
I hope this information helps! Let me know if you have any
other questions.",Side effects of Escitalopram include sleepiness,False,"The premise provides a list of common side effects of Lexapro (also known as Escitalopram), but sleepiness is not mentioned. Therefore, the premise does not entail the hypothesis. The answer is False.",False,"The premise provides a list of common side effects of Lexapro (also known as Escitalopram), but does not include sleepiness. However, it does not explicitly state that sleepiness is not a side effect. Therefore, the premise does not contradict the hypothesis. The answer is False.",Must_have
7,Alright so I dont know much about Lexapro would you tell me more about it?,"Lexapro is a medication that belongs to a class of drugs
called selective serotonin reuptake inhibitors (SSRIs). It
is commonly used to treat depression and anxiety disorders.
Here are some important things to know about Lexapro:  - It
works by increasing the levels of serotonin in the brain,
which can improve mood and reduce anxiety. - It may take
several weeks for Lexapro to start working, so it's
important to be patient and continue taking it as
prescribed. - Common side effects of Lexapro include nausea,
headache, dizziness, and dry mouth. These side effects
usually go away on their own after a few days or weeks. -
Lexapro can interact with other medications, so it's
important to tell your doctor about all the medications you
are taking before starting Lexapro. - Lexapro is not
recommended for use in children under the age of 12. - If
you are pregnant or breastfeeding, talk to your doctor
before taking Lexapro, as it may not be safe for your baby.
I hope this information helps! Let me know if you have any
other questions.",Side effects of Escitalopram include insomnia,False,"The premise provides a list of common side effects of Lexapro (Escitalopram), but insomnia is not mentioned. Therefore, the premise does not entail the hypothesis. The answer is False.",False,"The premise provides a list of common side effects of Lexapro (Escitalopram), but does not mention insomnia. However, it does not explicitly state that insomnia cannot be a side effect. Therefore, the premise does not contradict the hypothesis. The answer is False.",Must_have
8,Alright so I dont know much about Lexapro would you tell me more about it?,"Lexapro is a medication that belongs to a class of drugs
called selective serotonin reuptake inhibitors (SSRIs). It
is commonly used to treat depression and anxiety disorders.
Here are some important things to know about Lexapro:  - It
works by increasing the levels of serotonin in the brain,
which can improve mood and reduce anxiety. - It may take
several weeks for Lexapro to start working, so it's
important to be patient and continue taking it as
prescribed. - Common side effects of Lexapro include nausea,
headache, dizziness, and dry mouth. These side effects
usually go away on their own after a few days or weeks. -
Lexapro can interact with other medications, so it's
important to tell your doctor about all the medications you
are taking before starting Lexapro. - Lexapro is not
recommended for use in children under the age of 12. - If
you are pregnant or breastfeeding, talk to your doctor
before taking Lexapro, as it may not be safe for your baby.
I hope this information helps! Let me know if you have any
other questions.","The FDA had published a black box warning regarding Escitalopram, alerting for an increased risk of suicidal thinking and behavior in children",False,"The premise provides a detailed explanation about Lexapro, including its uses, side effects, and precautions. However, it does not mention anything about a black box warning from the FDA regarding an increased risk of suicidal thinking and behavior in children, as stated in the hypothesis. Therefore, the premise does not entail the hypothesis. The answer is False.",False,"The premise provides a detailed explanation of Lexapro, including its uses, side effects, and precautions. However, it does not mention anything about an FDA black box warning or an increased risk of suicidal thinking and behavior in children. The hypothesis introduces new information not covered in the premise. Therefore, the premise does not contradict the hypothesis. The answer is False.",Must_have
9,Alright so I dont know much about Lexapro would you tell me more about it?,"Lexapro is a medication that belongs to a class of drugs
called selective serotonin reuptake inhibitors (SSRIs). It
is commonly used to treat depression and anxiety disorders.
Here are some important things to know about Lexapro:  - It
works by increasing the levels of serotonin in the brain,
which can improve mood and reduce anxiety. - It may take
several weeks for Lexapro to start working, so it's
important to be patient and continue taking it as
prescribed. - Common side effects of Lexapro include nausea,
headache, dizziness, and dry mouth. These side effects
usually go away on their own after a few days or weeks. -
Lexapro can interact with other medications, so it's
important to tell your doctor about all the medications you
are taking before starting Lexapro. - Lexapro is not
recommended for use in children under the age of 12. - If
you are pregnant or breastfeeding, talk to your doctor
before taking Lexapro, as it may not be safe for your baby.
I hope this information helps! Let me know if you have any
other questions.","The FDA had published a black box warning for Escitalopram, alerting for an increased risk of suicidal thinking and behavior in adolescents and young adults",False,"The premise provides a detailed explanation about Lexapro, including its uses, side effects, and precautions. However, it does not mention anything about a black box warning from the FDA regarding an increased risk of suicidal thinking and behavior in adolescents and young adults, as stated in the hypothesis. Therefore, the premise does not entail the hypothesis. The answer is False.",False,"The premise provides a detailed explanation of Lexapro, including its uses, side effects, and precautions. However, it does not mention anything about an FDA black box warning for increased risk of suicidal thinking and behavior in adolescents and young adults, as stated in the hypothesis.
The premise does not contradict the hypothesis, as it does not rule out the possibility of such a warning. The answer is False.",Must_have
10,Alright so I dont know much about Lexapro would you tell me more about it?,"Lexapro is a medication that belongs to a class of drugs
called selective serotonin reuptake inhibitors (SSRIs). It
is commonly used to treat depression and anxiety disorders.
Here are some important things to know about Lexapro:  - It
works by increasing the levels of serotonin in the brain,
which can improve mood and reduce anxiety. - It may take
several weeks for Lexapro to start working, so it's
important to be patient and continue taking it as
prescribed. - Common side effects of Lexapro include nausea,
headache, dizziness, and dry mouth. These side effects
usually go away on their own after a few days or weeks. -
Lexapro can interact with other medications, so it's
important to tell your doctor about all the medications you
are taking before starting Lexapro. - Lexapro is not
recommended for use in children under the age of 12. - If
you are pregnant or breastfeeding, talk to your doctor
before taking Lexapro, as it may not be safe for your baby.
I hope this information helps! Let me know if you have any
other questions.", Lexapro is not approved for use in pediatric patients less than 12 years of age.,True,"The premise states that Lexapro is not recommended for use in children under the age of 12. The hypothesis states that Lexapro is not approved for use in pediatric patients less than 12 years of age.
Both the premise and hypothesis agree that Lexapro is not for use in children under 12, so the premise entails the hypothesis. The answer is True.",False,The premise states that Lexapro is not recommended for use in children under the age of 12. The hypothesis also states that Lexapro is not approved for use in pediatric patients less than 12 years of age. There is no contradiction between the premise and the hypothesis. The answer is False.,Must_have
0,Alright so I dont know much about Lexapro would you tell me more about it?,"Lexapro is a medication that belongs to a class of drugs
called selective serotonin reuptake inhibitors (SSRIs). It
is commonly used to treat depression and anxiety disorders.
Here are some important things to know about Lexapro:  - It
works by increasing the levels of serotonin in the brain,
which can improve mood and reduce anxiety. - It may take
several weeks for Lexapro to start working, so it's
important to be patient and continue taking it as
prescribed. - Common side effects of Lexapro include nausea,
headache, dizziness, and dry mouth. These side effects
usually go away on their own after a few days or weeks. -
Lexapro can interact with other medications, so it's
important to tell your doctor about all the medications you
are taking before starting Lexapro. - Lexapro is not
recommended for use in children under the age of 12. - If
you are pregnant or breastfeeding, talk to your doctor
before taking Lexapro, as it may not be safe for your baby.
I hope this information helps! Let me know if you have any
other questions.",Escitalopram is a medication for major depressive disorder,False,F,False,"The premise explains that Lexapro, also known as Escitalopram, is a medication used to treat depression and anxiety disorders. The hypothesis states that Escitalopram is a medication for major depressive disorder.
There is no contradiction between the premise and the hypothesis, as the premise does not exclude the possibility of Escitalopram being used to treat major depressive disorder. The answer is False.",Nice_to_have
1,Alright so I dont know much about Lexapro would you tell me more about it?,"Lexapro is a medication that belongs to a class of drugs
called selective serotonin reuptake inhibitors (SSRIs). It
is commonly used to treat depression and anxiety disorders.
Here are some important things to know about Lexapro:  - It
works by increasing the levels of serotonin in the brain,
which can improve mood and reduce anxiety. - It may take
several weeks for Lexapro to start working, so it's
important to be patient and continue taking it as
prescribed. - Common side effects of Lexapro include nausea,
headache, dizziness, and dry mouth. These side effects
usually go away on their own after a few days or weeks. -
Lexapro can interact with other medications, so it's
important to tell your doctor about all the medications you
are taking before starting Lexapro. - Lexapro is not
recommended for use in children under the age of 12. - If
you are pregnant or breastfeeding, talk to your doctor
before taking Lexapro, as it may not be safe for your baby.
I hope this information helps! Let me know if you have any
other questions.",Escitalopram is a medication for several types of anxiety disorders,False,F,False,"The premise explains that Lexapro, also known as Escitalopram, is a medication used to treat depression and anxiety disorders. The hypothesis states that Escitalopram is a medication for several types of anxiety disorders.
There is no contradiction between the premise and the hypothesis, as the premise does not exclude the possibility of Lexapro being used to treat several types of anxiety disorders. The answer is False.",Nice_to_have
2,Alright so I dont know much about Lexapro would you tell me more about it?,"Lexapro is a medication that belongs to a class of drugs
called selective serotonin reuptake inhibitors (SSRIs). It
is commonly used to treat depression and anxiety disorders.
Here are some important things to know about Lexapro:  - It
works by increasing the levels of serotonin in the brain,
which can improve mood and reduce anxiety. - It may take
several weeks for Lexapro to start working, so it's
important to be patient and continue taking it as
prescribed. - Common side effects of Lexapro include nausea,
headache, dizziness, and dry mouth. These side effects
usually go away on their own after a few days or weeks. -
Lexapro can interact with other medications, so it's
important to tell your doctor about all the medications you
are taking before starting Lexapro. - Lexapro is not
recommended for use in children under the age of 12. - If
you are pregnant or breastfeeding, talk to your doctor
before taking Lexapro, as it may not be safe for your baby.
I hope this information helps! Let me know if you have any
other questions.",Escitalopram is considered an effective and well-tolerated antidepressant,False,F,False,"The premise explains that Lexapro, also known as Escitalopram, is a medication used to treat depression and anxiety disorders. The hypothesis states that Escitalopram is an effective and well-tolerated antidepressant. There is no contradiction between the premise and the hypothesis. The answer is False.",Nice_to_have
11,Also what is the oral option to get rid of scabies?,"The oral option to treat scabies is ivermectin, which is a
prescription medication that is taken by mouth. However, it
is important to note that topical treatments, such as
permethrin cream or lotion, are typically the first line of
treatment for scabies. It is best to consult with a
healthcare provider to determine the most appropriate
treatment plan for your specific case.",Ivermectin (Stromectol) is the oral treatment for scabies,True,"The premise states that the oral treatment for scabies is ivermectin. The hypothesis also states that ivermectin is the oral treatment for scabies. Therefore, the premise entails the hypothesis. The answer is True.",False,"The premise states that ivermectin is the oral treatment for scabies, which is exactly what the hypothesis suggests. There is no contradiction between the premise and the hypothesis. The answer is False.",Must_have
12,Also what is the oral option to get rid of scabies?,"The oral option to treat scabies is ivermectin, which is a
prescription medication that is taken by mouth. However, it
is important to note that topical treatments, such as
permethrin cream or lotion, are typically the first line of
treatment for scabies. It is best to consult with a
healthcare provider to determine the most appropriate
treatment plan for your specific case.",Permethrin cream (Elimite) is a topical treatment for scabies,True,"The premise mentions that permethrin cream is a topical treatment for scabies, which aligns with the hypothesis. Therefore, the premise entails the hypothesis. The answer is True.",False,"The premise states that ivermectin is an oral treatment for scabies, but also mentions that permethrin cream is a typical first line of treatment. The hypothesis states that permethrin cream is a topical treatment for scabies. There is no contradiction between the premise and the hypothesis, as both agree that permethrin cream is a treatment for scabies. The answer is False.",Must_have
13,Also what is the oral option to get rid of scabies?,"The oral option to treat scabies is ivermectin, which is a
prescription medication that is taken by mouth. However, it
is important to note that topical treatments, such as
permethrin cream or lotion, are typically the first line of
treatment for scabies. It is best to consult with a
healthcare provider to determine the most appropriate
treatment plan for your specific case.",Permethrin cream (Elimite) is the preferred treatment for scabies in children who weight less than 15 kg and for pregnant or nursing individuals,False,"The premise states that ivermectin is the oral option for treating scabies and that topical treatments like permethrin cream are typically the first line of treatment. The hypothesis suggests that permethrin cream is the preferred treatment for scabies in children who weigh less than 15 kg and for pregnant or nursing individuals.
The premise does not provide information about the preferred treatment for specific groups like children or pregnant/nursing individuals, so it does not entail the hypothesis. The answer is False.",False,"The premise states that ivermectin is an oral option for treating scabies, but topical treatments like permethrin cream are typically the first line of treatment. The hypothesis suggests that permethrin cream is the preferred treatment for certain groups, but it does not contradict the premise's statement about ivermectin being an oral treatment option. The answer is False.",Must_have
14,Also what is the oral option to get rid of scabies?,"The oral option to treat scabies is ivermectin, which is a
prescription medication that is taken by mouth. However, it
is important to note that topical treatments, such as
permethrin cream or lotion, are typically the first line of
treatment for scabies. It is best to consult with a
healthcare provider to determine the most appropriate
treatment plan for your specific case.", Safety of Ivermectin in pregnant or nursing individuals has not been established yet.,False,"The premise discusses the use of ivermectin as an oral treatment for scabies. The hypothesis discusses the safety of ivermectin in pregnant or nursing individuals.
There is no relationship between the premise and hypothesis, therefore they do not entail one another. The answer is False.",False,"The premise discusses the use of ivermectin as an oral treatment for scabies, but it does not mention anything about its safety in pregnant or nursing individuals. The hypothesis states that the safety of ivermectin in pregnant or nursing individuals has not been established. 
There is no contradiction between the premise and the hypothesis, as the premise does not provide any information about the safety of ivermectin in pregnant or nursing individuals. The answer is False.",Must_have
15,Also what is the oral option to get rid of scabies?,"The oral option to treat scabies is ivermectin, which is a
prescription medication that is taken by mouth. However, it
is important to note that topical treatments, such as
permethrin cream or lotion, are typically the first line of
treatment for scabies. It is best to consult with a
healthcare provider to determine the most appropriate
treatment plan for your specific case.",Ivermectin (Stromectol) is not safe for children under 15kg,False,"The premise discusses the use of ivermectin as an oral treatment for scabies. However, it does not provide any information about the safety of ivermectin for children under 15kg, which is the focus of the hypothesis.
Therefore, the premise does not entail the hypothesis. The answer is False.",False,"The premise states that ivermectin is an oral option for treating scabies, but it does not provide any information about its safety for children under 15kg. The hypothesis states that ivermectin is not safe for children under 15kg. 
There is no contradiction between the premise and the hypothesis because the premise does not provide any information about the safety of ivermectin for children under 15kg. The answer is False.",Must_have
3,Also what is the oral option to get rid of scabies?,"The oral option to treat scabies is ivermectin, which is a
prescription medication that is taken by mouth. However, it
is important to note that topical treatments, such as
permethrin cream or lotion, are typically the first line of
treatment for scabies. It is best to consult with a
healthcare provider to determine the most appropriate
treatment plan for your specific case.","After scabies treatment, it is advised to machine wash all clothes, linens, etc. with high heat before using them again",False,F,False,"The premise discusses the oral treatment option for scabies, which is ivermectin. The hypothesis, on the other hand, provides advice on what to do with clothes and linens after scabies treatment. 
There is no contradiction between the premise and the hypothesis as they discuss different aspects of scabies treatment. The answer is False.",Nice_to_have
4,Also what is the oral option to get rid of scabies?,"The oral option to treat scabies is ivermectin, which is a
prescription medication that is taken by mouth. However, it
is important to note that topical treatments, such as
permethrin cream or lotion, are typically the first line of
treatment for scabies. It is best to consult with a
healthcare provider to determine the most appropriate
treatment plan for your specific case.",Ivermectin is a prescription drug for scabies,False,F,False,"The premise states that ivermectin is an oral treatment option for scabies, which is consistent with the hypothesis that ivermectin is a prescription drug for scabies. There is no contradiction between the premise and the hypothesis. The answer is False.",Nice_to_have
5,Also what is the oral option to get rid of scabies?,"The oral option to treat scabies is ivermectin, which is a
prescription medication that is taken by mouth. However, it
is important to note that topical treatments, such as
permethrin cream or lotion, are typically the first line of
treatment for scabies. It is best to consult with a
healthcare provider to determine the most appropriate
treatment plan for your specific case.",Close contacts and household members may also need to be treated for scabies,False,F,False,"The premise discusses the oral treatment options for scabies, specifically mentioning ivermectin. The hypothesis, on the other hand, suggests that close contacts and household members may also need to be treated for scabies. 
There is no contradiction between the premise and the hypothesis, as the premise does not exclude the possibility of treating close contacts and household members. The answer is False.",Nice_to_have
6,Also what is the oral option to get rid of scabies?,"The oral option to treat scabies is ivermectin, which is a
prescription medication that is taken by mouth. However, it
is important to note that topical treatments, such as
permethrin cream or lotion, are typically the first line of
treatment for scabies. It is best to consult with a
healthcare provider to determine the most appropriate
treatment plan for your specific case.",Ivermectin dosage is weight dependent,False,F,False,"The premise states that ivermectin is an oral treatment for scabies, but it does not provide any information about the dosage being weight-dependent. The hypothesis suggests that the dosage of ivermectin is weight-dependent. 
There is no contradiction between the premise and the hypothesis, as the premise does not rule out the possibility that the dosage of ivermectin is weight-dependent. The answer is False.",Nice_to_have
16,Am I contagious with respiratory infection?,"Respiratory infections can be caused by a variety of viruses
and bacteria, some of which are contagious. It is important
to determine the specific cause of your infection to
determine if it is contagious or not. In general,
respiratory infections can be spread through coughing,
sneezing, or close contact with an infected person. To
prevent the spread of respiratory infections, it is
important to practice good hygiene, such as washing your
hands frequently and covering your mouth and nose when
coughing or sneezing. If you are experiencing symptoms of a
respiratory infection, it is recommended to stay home and
avoid close contact with others until you have fully
recovered.",Most respiratory tract infections are contagious.,False,"The premise states that respiratory infections can be caused by a variety of viruses and bacteria, some of which are contagious. The hypothesis states that most respiratory tract infections are contagious.
The premise does not specify whether most respiratory infections are contagious, so it does not entail the hypothesis. The answer is False.",False,"The premise states that some respiratory infections are contagious and can be spread through coughing, sneezing, or close contact with an infected person. The hypothesis states that most respiratory tract infections are contagious. There is no contradiction between the premise and the hypothesis, as the premise does not exclude the possibility that most respiratory infections are contagious. The answer is False.",Must_have
7,Am I contagious with respiratory infection?,"Respiratory infections can be caused by a variety of viruses
and bacteria, some of which are contagious. It is important
to determine the specific cause of your infection to
determine if it is contagious or not. In general,
respiratory infections can be spread through coughing,
sneezing, or close contact with an infected person. To
prevent the spread of respiratory infections, it is
important to practice good hygiene, such as washing your
hands frequently and covering your mouth and nose when
coughing or sneezing. If you are experiencing symptoms of a
respiratory infection, it is recommended to stay home and
avoid close contact with others until you have fully
recovered.",Respiratory tract infections can be spread through sneezing and coughing.,False,F,False,"The premise states that respiratory infections can be spread through coughing and sneezing, which is also stated in the hypothesis. There is no contradiction between the premise and the hypothesis. The answer is False.",Nice_to_have
8,Am I contagious with respiratory infection?,"Respiratory infections can be caused by a variety of viruses
and bacteria, some of which are contagious. It is important
to determine the specific cause of your infection to
determine if it is contagious or not. In general,
respiratory infections can be spread through coughing,
sneezing, or close contact with an infected person. To
prevent the spread of respiratory infections, it is
important to practice good hygiene, such as washing your
hands frequently and covering your mouth and nose when
coughing or sneezing. If you are experiencing symptoms of a
respiratory infection, it is recommended to stay home and
avoid close contact with others until you have fully
recovered.",Respiratory infections can be caused by fungi.,False,F,False,"The premise discusses the contagious nature of respiratory infections and how they can be spread, but it does not mention the specific causes of these infections. The hypothesis states that respiratory infections can be caused by fungi. There is no contradiction between the premise and the hypothesis, as the premise does not exclude the possibility of fungi causing respiratory infections. The answer is False.",Nice_to_have
9,Am I contagious with respiratory infection?,"Respiratory infections can be caused by a variety of viruses
and bacteria, some of which are contagious. It is important
to determine the specific cause of your infection to
determine if it is contagious or not. In general,
respiratory infections can be spread through coughing,
sneezing, or close contact with an infected person. To
prevent the spread of respiratory infections, it is
important to practice good hygiene, such as washing your
hands frequently and covering your mouth and nose when
coughing or sneezing. If you are experiencing symptoms of a
respiratory infection, it is recommended to stay home and
avoid close contact with others until you have fully
recovered.",Respiratory infections are commonly caused by viruses.,False,F,False,"The premise states that respiratory infections can be caused by a variety of viruses and bacteria, some of which are contagious. The hypothesis states that respiratory infections are commonly caused by viruses. There is no contradiction between the premise and the hypothesis, as the premise does not exclude the possibility of viruses being a common cause of respiratory infections. The answer is False.",Nice_to_have
10,Am I contagious with respiratory infection?,"Respiratory infections can be caused by a variety of viruses
and bacteria, some of which are contagious. It is important
to determine the specific cause of your infection to
determine if it is contagious or not. In general,
respiratory infections can be spread through coughing,
sneezing, or close contact with an infected person. To
prevent the spread of respiratory infections, it is
important to practice good hygiene, such as washing your
hands frequently and covering your mouth and nose when
coughing or sneezing. If you are experiencing symptoms of a
respiratory infection, it is recommended to stay home and
avoid close contact with others until you have fully
recovered.",Washing hands can reduce the transmission rate of respiratory infections.,False,F,False,"The premise states that practicing good hygiene, such as washing hands frequently, can help prevent the spread of respiratory infections. The hypothesis also states that washing hands can reduce the transmission rate of respiratory infections. There is no contradiction between the premise and the hypothesis. The answer is False.",Nice_to_have
11,Am I contagious with respiratory infection?,"Respiratory infections can be caused by a variety of viruses
and bacteria, some of which are contagious. It is important
to determine the specific cause of your infection to
determine if it is contagious or not. In general,
respiratory infections can be spread through coughing,
sneezing, or close contact with an infected person. To
prevent the spread of respiratory infections, it is
important to practice good hygiene, such as washing your
hands frequently and covering your mouth and nose when
coughing or sneezing. If you are experiencing symptoms of a
respiratory infection, it is recommended to stay home and
avoid close contact with others until you have fully
recovered.",Sneezing and coughing into your elbow or a tissue can reduce the transmission rate of respiratory infections.,False,F,False,"The premise states that respiratory infections can be contagious and spread through coughing and sneezing, and it recommends good hygiene practices to prevent the spread. The hypothesis suggests that sneezing and coughing into your elbow or a tissue can reduce the transmission rate of respiratory infections. There is no contradiction between the premise and the hypothesis, as both suggest measures to prevent the spread of respiratory infections. The answer is False.",Nice_to_have
12,Am I contagious with respiratory infection?,"Respiratory infections can be caused by a variety of viruses
and bacteria, some of which are contagious. It is important
to determine the specific cause of your infection to
determine if it is contagious or not. In general,
respiratory infections can be spread through coughing,
sneezing, or close contact with an infected person. To
prevent the spread of respiratory infections, it is
important to practice good hygiene, such as washing your
hands frequently and covering your mouth and nose when
coughing or sneezing. If you are experiencing symptoms of a
respiratory infection, it is recommended to stay home and
avoid close contact with others until you have fully
recovered.",Wearing a mask can reduce the transmission rate of respiratory infections.,False,F,False,"The premise discusses the contagious nature of respiratory infections and the importance of good hygiene practices, including avoiding close contact with others when symptomatic. The hypothesis suggests that wearing a mask can reduce the transmission rate of respiratory infections. There is no contradiction between the premise and the hypothesis, as both suggest measures to prevent the spread of respiratory infections. The answer is False.",Nice_to_have
13,Am I contagious with respiratory infection?,"Respiratory infections can be caused by a variety of viruses
and bacteria, some of which are contagious. It is important
to determine the specific cause of your infection to
determine if it is contagious or not. In general,
respiratory infections can be spread through coughing,
sneezing, or close contact with an infected person. To
prevent the spread of respiratory infections, it is
important to practice good hygiene, such as washing your
hands frequently and covering your mouth and nose when
coughing or sneezing. If you are experiencing symptoms of a
respiratory infection, it is recommended to stay home and
avoid close contact with others until you have fully
recovered.",Vaccinating against respiratory infections can reduce the transmission rate of such infections.,False,F,False,"The premise discusses the contagious nature of respiratory infections and the importance of hygiene to prevent their spread. The hypothesis, on the other hand, discusses the role of vaccination in reducing the transmission rate of respiratory infections. There is no direct contradiction between the premise and the hypothesis. The answer is False.",Nice_to_have
14,Am I contagious with respiratory infection?,"Respiratory infections can be caused by a variety of viruses
and bacteria, some of which are contagious. It is important
to determine the specific cause of your infection to
determine if it is contagious or not. In general,
respiratory infections can be spread through coughing,
sneezing, or close contact with an infected person. To
prevent the spread of respiratory infections, it is
important to practice good hygiene, such as washing your
hands frequently and covering your mouth and nose when
coughing or sneezing. If you are experiencing symptoms of a
respiratory infection, it is recommended to stay home and
avoid close contact with others until you have fully
recovered.",Respiratory infections can be caused by bacteria.,False,F,False,"The premise states that respiratory infections can be caused by a variety of viruses and bacteria, which aligns with the hypothesis that respiratory infections can be caused by bacteria. There is no contradiction between the premise and the hypothesis. The answer is False.",Nice_to_have
